{
  "runId": "20260713_201635",
  "verdict": "EVAL_INVALID",
  "reason": "insufficient_heldout",
  "metrics": {
    "heldoutQuestionsN": 2,
    "brier": 0.17300000000000001,
    "brierMarket": 0.3684833333333334,
    "skill": 0.5305079379438238,
    "brierDiff": {
      "mean": -0.19548333333333334,
      "ci95": {
        "lo": -0.3470666666666667,
        "hi": -0.04389999999999997
      }
    },
    "ece": 0.41000000000000003,
    "forecastFailedRate": 0,
    "ingestRejectRate": 0
  },
  "integrity": {
    "leakageSuspected": false,
    "canaryBrierByModel": {
      "gpt-4.1-mini": 1,
      "claude-3-5-haiku-latest": 1,
      "nim-fast-instruct-placeholder": 1
    },
    "configHash": "fe9ce023bf8bc85ff0a1ab0e04ad94b03e0aaa8c191029b4a4c602ac10004272"
  }
}
