{
  "control_of": "intent #10 (10-R0, no cuenta como intento nuevo)",
  "excluded": [
    "DEXE/USDT",
    "ZEC/USDT"
  ],
  "params": {
    "window": 14,
    "top_n": 3,
    "fee_B": 0.001,
    "freq": "W"
  },
  "criterion": {
    "wealth_B_gt_equal_weight_reduced": true,
    "wealth_B_gt_threshold": true,
    "threshold": 2.0,
    "momentum_B_wealth": 3.807739387342283,
    "equal_weight_B_wealth": 1.9456611728186881,
    "passes": true
  },
  "full_sample": {
    "baseline_16": {
      "label": "e2_16_pares",
      "n_pairs": 16,
      "momentum_A": {
        "cagr": 0.6183929187587263,
        "sharpe": 0.45146830654638226,
        "max_drawdown": -0.8833738114041141,
        "turnover": 0.5264800080558287,
        "final_wealth": 14.2574045389432
      },
      "equal_weight_A": {
        "cagr": 0.16609744439280671,
        "sharpe": 0.17034895308310719,
        "max_drawdown": -0.8440589165573567,
        "turnover": 0.031415347799340264,
        "final_wealth": 2.3353041367071987
      },
      "btc_bh_A": {
        "cagr": 0.15162009511648966,
        "sharpe": 0.20315507599531463,
        "max_drawdown": -0.7662925431645937,
        "turnover": 0.0,
        "final_wealth": 2.1797001809305923
      },
      "momentum_B": {
        "cagr": 0.5745391978839567,
        "sharpe": 0.4257410059779421,
        "max_drawdown": -0.8872832401154831,
        "turnover": 0.5264800080558287,
        "final_wealth": 12.25152165741737
      },
      "equal_weight_B": {
        "cagr": 0.16418753396706598,
        "sharpe": 0.16853302759405783,
        "max_drawdown": -0.8444765476820343,
        "turnover": 0.031415347799340264,
        "final_wealth": 2.3142704876228564
      },
      "btc_bh_B": {
        "cagr": 0.15162009511648966,
        "sharpe": 0.20315507599531463,
        "max_drawdown": -0.7662925431645937,
        "turnover": 0.0,
        "final_wealth": 2.1797001809305923
      }
    },
    "reduced_14": {
      "label": "e2_sin_dexe_zec",
      "n_pairs": 14,
      "momentum_A": {
        "cagr": 0.30909385232166575,
        "sharpe": 0.25836770119861796,
        "max_drawdown": -0.8160519404500635,
        "turnover": 0.5193117944028551,
        "final_wealth": 4.42202383792518
      },
      "equal_weight_A": {
        "cagr": 0.12986568218285588,
        "sharpe": 0.1345510125773516,
        "max_drawdown": -0.8272790380514927,
        "turnover": 0.02889976130131683,
        "final_wealth": 1.9619227458648862
      },
      "btc_bh_A": {
        "cagr": 0.15162009511648966,
        "sharpe": 0.20315507599531463,
        "max_drawdown": -0.7662925431645937,
        "turnover": 0.0,
        "final_wealth": 2.1797001809305923
      },
      "momentum_B": {
        "cagr": 0.274097690720283,
        "sharpe": 0.2323853604116247,
        "max_drawdown": -0.821848408112459,
        "turnover": 0.5193117944028551,
        "final_wealth": 3.807739387342283
      },
      "equal_weight_B": {
        "cagr": 0.12816318715394925,
        "sharpe": 0.13289052682773553,
        "max_drawdown": -0.8277313214300888,
        "turnover": 0.02889976130131683,
        "final_wealth": 1.9456611728186881
      },
      "btc_bh_B": {
        "cagr": 0.15162009511648966,
        "sharpe": 0.20315507599531463,
        "max_drawdown": -0.7662925431645937,
        "turnover": 0.0,
        "final_wealth": 2.1797001809305923
      }
    }
  },
  "halves": {
    "2021-23": {
      "baseline_16": {
        "label": "e2_16_2021-23",
        "n_pairs": 16,
        "momentum_A": {
          "cagr": 0.2297137064312007,
          "sharpe": 0.17885186596075833,
          "max_drawdown": -0.8833738114041141,
          "turnover": 0.537120759743801,
          "final_wealth": 1.8577264676953138
        },
        "equal_weight_A": {
          "cagr": 0.28256737274327404,
          "sharpe": 0.2486926633370954,
          "max_drawdown": -0.8440589165573567,
          "turnover": 0.03321993139152292,
          "final_wealth": 2.1072823279094752
        },
        "btc_bh_A": {
          "cagr": 0.12987286939827913,
          "sharpe": 0.15612548464639425,
          "max_drawdown": -0.7662925431645937,
          "turnover": 0.0,
          "final_wealth": 1.4415664423018237
        },
        "momentum_B": {
          "cagr": 0.1957892475179821,
          "sharpe": 0.15467034707664865,
          "max_drawdown": -0.8872832401154831,
          "turnover": 0.537120759743801,
          "final_wealth": 1.7084090756773362
        },
        "equal_weight_B": {
          "cagr": 0.2803501936953172,
          "sharpe": 0.24696498442011205,
          "max_drawdown": -0.8444765476820343,
          "turnover": 0.03321993139152292,
          "final_wealth": 2.096389987226523
        },
        "btc_bh_B": {
          "cagr": 0.12987286939827913,
          "sharpe": 0.15612548464639425,
          "max_drawdown": -0.7662925431645937,
          "turnover": 0.0,
          "final_wealth": 1.4415664423018237
        }
      },
      "reduced_14": {
        "label": "e2_reducido_2021-23",
        "n_pairs": 14,
        "momentum_A": {
          "cagr": 0.5521316383142092,
          "sharpe": 0.37792286242249673,
          "max_drawdown": -0.8160519404500635,
          "turnover": 0.5139931575850206,
          "final_wealth": 3.731391951194338
        },
        "equal_weight_A": {
          "cagr": 0.37198099145297747,
          "sharpe": 0.3145593097392662,
          "max_drawdown": -0.8272790380514927,
          "turnover": 0.03240263919446171,
          "final_wealth": 2.5786132830911512
        },
        "btc_bh_A": {
          "cagr": 0.12987286939827913,
          "sharpe": 0.15612548464639425,
          "max_drawdown": -0.7662925431645937,
          "turnover": 0.0,
          "final_wealth": 1.4415664423018237
        },
        "momentum_B": {
          "cagr": 0.5111316965242658,
          "sharpe": 0.35493246267491946,
          "max_drawdown": -0.821848408112459,
          "turnover": 0.5139931575850206,
          "final_wealth": 3.443878849641548
        },
        "equal_weight_B": {
          "cagr": 0.3696675443860771,
          "sharpe": 0.3128828458854701,
          "max_drawdown": -0.8277313214300888,
          "turnover": 0.03240263919446171,
          "final_wealth": 2.5656117662544426
        },
        "btc_bh_B": {
          "cagr": 0.12987286939827913,
          "sharpe": 0.15612548464639425,
          "max_drawdown": -0.7662925431645937,
          "turnover": 0.0,
          "final_wealth": 1.4415664423018237
        }
      }
    },
    "2024-26": {
      "baseline_16": {
        "label": "e2_16_2024-26",
        "n_pairs": 16,
        "momentum_A": {
          "cagr": 1.2810801143016985,
          "sharpe": 0.8779611418916919,
          "max_drawdown": -0.6005237407000761,
          "turnover": 0.5048730834131357,
          "final_wealth": 7.9996882390874875
        },
        "equal_weight_A": {
          "cagr": 0.027212919639580724,
          "sharpe": 0.03488434976592299,
          "max_drawdown": -0.6561291990470379,
          "turnover": 0.02923276233693053,
          "final_wealth": 1.0700463479523679
        },
        "btc_bh_A": {
          "cagr": 0.15785996882895037,
          "sharpe": 0.2550371828331222,
          "max_drawdown": -0.5297176591351062,
          "turnover": 0.0,
          "final_wealth": 1.4471467002266916
        },
        "momentum_B": {
          "cagr": 1.2215823211270789,
          "sharpe": 0.8498943030059791,
          "max_drawdown": -0.6089553072961077,
          "turnover": 0.5048730834131357,
          "final_wealth": 7.483939494978734
        },
        "equal_weight_B": {
          "cagr": 0.02564218580773847,
          "sharpe": 0.03289649455031157,
          "max_drawdown": -0.6567325517286033,
          "turnover": 0.02923276233693053,
          "final_wealth": 1.0659252898835079
        },
        "btc_bh_B": {
          "cagr": 0.15785996882895037,
          "sharpe": 0.2550371828331222,